file,line,type,commit,author,date,time,timezone,datetime,depth,length
style.css,1,css,c0a660a0,JaydenBLi,2026-04-01,16:59:39,-07:00,2026-04-01T16:59:39-07:00,0,4
style.css,2,css,c0a660a0,JaydenBLi,2026-04-01,16:59:39,-07:00,2026-04-01T16:59:39-07:00,1,43
style.css,3,css,c0a660a0,JaydenBLi,2026-04-01,16:59:39,-07:00,2026-04-01T16:59:39-07:00,0,42
style.css,4,css,c0a660a0,JaydenBLi,2026-04-01,16:59:39,-07:00,2026-04-01T16:59:39-07:00,0,0
style.css,5,css,c0a660a0,JaydenBLi,2026-04-01,16:59:39,-07:00,2026-04-01T16:59:39-07:00,1,23
style.css,6,css,d3c23781,JaydenBLi,2026-04-10,23:48:23,-07:00,2026-04-10T23:48:23-07:00,1,15
style.css,7,css,d3c23781,JaydenBLi,2026-04-10,23:48:23,-07:00,2026-04-10T23:48:23-07:00,1,18
style.css,8,css,d3c23781,JaydenBLi,2026-04-10,23:48:23,-07:00,2026-04-10T23:48:23-07:00,1,11
style.css,9,css,d3c23781,JaydenBLi,2026-04-10,23:48:23,-07:00,2026-04-10T23:48:23-07:00,0,0
style.css,10,css,d3c23781,JaydenBLi,2026-04-10,23:48:23,-07:00,2026-04-10T23:48:23-07:00,0,6
style.css,11,css,d3c23781,JaydenBLi,2026-04-10,23:48:23,-07:00,2026-04-10T23:48:23-07:00,1,15
style.css,12,css,d3c23781,JaydenBLi,2026-04-10,23:48:23,-07:00,2026-04-10T23:48:23-07:00,0,0
style.css,13,css,d3c23781,JaydenBLi,2026-04-10,23:48:23,-07:00,2026-04-10T23:48:23-07:00,0,6
style.css,14,css,d3c23781,JaydenBLi,2026-04-10,23:48:23,-07:00,2026-04-10T23:48:23-07:00,1,15
style.css,15,css,d3c23781,JaydenBLi,2026-04-10,23:48:23,-07:00,2026-04-10T23:48:23-07:00,0,0
style.css,16,css,d3c23781,JaydenBLi,2026-04-10,23:48:23,-07:00,2026-04-10T23:48:23-07:00,0,3
style.css,17,css,d3c23781,JaydenBLi,2026-04-10,23:48:23,-07:00,2026-04-10T23:48:23-07:00,1,12
style.css,18,css,d3c23781,JaydenBLi,2026-04-10,23:48:23,-07:00,2026-04-10T23:48:23-07:00,1,23
style.css,19,css,d3c23781,JaydenBLi,2026-04-10,23:48:23,-07:00,2026-04-10T23:48:23-07:00,1,25
style.css,20,css,bd2427b4,JaydenBLi,2026-04-16,15:57:57,-07:00,2026-04-16T15:57:57-07:00,1,39
style.css,21,css,bd2427b4,JaydenBLi,2026-04-16,15:57:57,-07:00,2026-04-16T15:57:57-07:00,1,39
style.css,22,css,d3c23781,JaydenBLi,2026-04-10,23:48:23,-07:00,2026-04-10T23:48:23-07:00,0,0
style.css,23,css,d3c23781,JaydenBLi,2026-04-10,23:48:23,-07:00,2026-04-10T23:48:23-07:00,0,5
style.css,24,css,d3c23781,JaydenBLi,2026-04-10,23:48:23,-07:00,2026-04-10T23:48:23-07:00,1,6
style.css,25,css,d3c23781,JaydenBLi,2026-04-10,23:48:23,-07:00,2026-04-10T23:48:23-07:00,1,20
style.css,26,css,d3c23781,JaydenBLi,2026-04-10,23:48:23,-07:00,2026-04-10T23:48:23-07:00,1,13
style.css,27,css,d3c23781,JaydenBLi,2026-04-10,23:48:23,-07:00,2026-04-10T23:48:23-07:00,1,17
style.css,28,css,d3c23781,JaydenBLi,2026-04-10,23:48:23,-07:00,2026-04-10T23:48:23-07:00,1,13
style.css,29,css,d3c23781,JaydenBLi,2026-04-10,23:48:23,-07:00,2026-04-10T23:48:23-07:00,0,0
style.css,30,css,d3c23781,JaydenBLi,2026-04-10,23:48:23,-07:00,2026-04-10T23:48:23-07:00,0,13
style.css,31,css,d3c23781,JaydenBLi,2026-04-10,23:48:23,-07:00,2026-04-10T23:48:23-07:00,2,25
style.css,32,css,d3c23781,JaydenBLi,2026-04-10,23:48:23,-07:00,2026-04-10T23:48:23-07:00,2,25
style.css,33,css,bd2427b4,JaydenBLi,2026-04-16,15:57:57,-07:00,2026-04-16T15:57:57-07:00,2,39
style.css,34,css,d3c23781,JaydenBLi,2026-04-10,23:48:23,-07:00,2026-04-10T23:48:23-07:00,2,20
style.css,35,css,d3c23781,JaydenBLi,2026-04-10,23:48:23,-07:00,2026-04-10T23:48:23-07:00,0,0
style.css,36,css,d3c23781,JaydenBLi,2026-04-10,23:48:23,-07:00,2026-04-10T23:48:23-07:00,0,4
style.css,37,css,d3c23781,JaydenBLi,2026-04-10,23:48:23,-07:00,2026-04-10T23:48:23-07:00,1,31
style.css,38,css,d3c23781,JaydenBLi,2026-04-10,23:48:23,-07:00,2026-04-10T23:48:23-07:00,1,32
style.css,39,css,bd2427b4,JaydenBLi,2026-04-16,15:57:57,-07:00,2026-04-16T15:57:57-07:00,1,23
style.css,40,css,d3c23781,JaydenBLi,2026-04-10,23:48:23,-07:00,2026-04-10T23:48:23-07:00,0,0
style.css,41,css,d3c23781,JaydenBLi,2026-04-10,23:48:23,-07:00,2026-04-10T23:48:23-07:00,0,11
style.css,42,css,d3c23781,JaydenBLi,2026-04-10,23:48:23,-07:00,2026-04-10T23:48:23-07:00,1,25
style.css,43,css,d3c23781,JaydenBLi,2026-04-10,23:48:23,-07:00,2026-04-10T23:48:23-07:00,2,25
style.css,44,css,d3c23781,JaydenBLi,2026-04-10,23:48:23,-07:00,2026-04-10T23:48:23-07:00,2,39
style.css,45,css,bd2427b4,JaydenBLi,2026-04-16,15:57:57,-07:00,2026-04-16T15:57:57-07:00,2,69
style.css,46,css,d3c23781,JaydenBLi,2026-04-10,23:48:23,-07:00,2026-04-10T23:48:23-07:00,2,20
style.css,47,css,d3c23781,JaydenBLi,2026-04-10,23:48:23,-07:00,2026-04-10T23:48:23-07:00,0,0
style.css,48,css,d3c23781,JaydenBLi,2026-04-10,23:48:23,-07:00,2026-04-10T23:48:23-07:00,0,107
style.css,49,css,d3c23781,JaydenBLi,2026-04-10,23:48:23,-07:00,2026-04-10T23:48:23-07:00,0,28
style.css,50,css,d3c23781,JaydenBLi,2026-04-10,23:48:23,-07:00,2026-04-10T23:48:23-07:00,1,12
style.css,51,css,d3c23781,JaydenBLi,2026-04-10,23:48:23,-07:00,2026-04-10T23:48:23-07:00,1,13
style.css,52,css,d3c23781,JaydenBLi,2026-04-10,23:48:23,-07:00,2026-04-10T23:48:23-07:00,1,10
style.css,53,css,d3c23781,JaydenBLi,2026-04-10,23:48:23,-07:00,2026-04-10T23:48:23-07:00,1,21
style.css,54,css,d3c23781,JaydenBLi,2026-04-10,23:48:23,-07:00,2026-04-10T23:48:23-07:00,1,18
style.css,55,css,d3c23781,JaydenBLi,2026-04-10,23:48:23,-07:00,2026-04-10T23:48:23-07:00,0,0
style.css,56,css,d3c23781,JaydenBLi,2026-04-10,23:48:23,-07:00,2026-04-10T23:48:23-07:00,0,0
style.css,57,css,d3c23781,JaydenBLi,2026-04-10,23:48:23,-07:00,2026-04-10T23:48:23-07:00,0,4
style.css,58,css,d3c23781,JaydenBLi,2026-04-10,23:48:23,-07:00,2026-04-10T23:48:23-07:00,1,12
style.css,59,css,d3c23781,JaydenBLi,2026-04-10,23:48:23,-07:00,2026-04-10T23:48:23-07:00,1,30
style.css,60,css,d3c23781,JaydenBLi,2026-04-10,23:48:23,-07:00,2026-04-10T23:48:23-07:00,1,7
style.css,61,css,d3c23781,JaydenBLi,2026-04-10,23:48:23,-07:00,2026-04-10T23:48:23-07:00,0,0
style.css,62,css,d3c23781,JaydenBLi,2026-04-10,23:48:23,-07:00,2026-04-10T23:48:23-07:00,0,5
style.css,63,css,d3c23781,JaydenBLi,2026-04-10,23:48:23,-07:00,2026-04-10T23:48:23-07:00,1,12
style.css,64,css,d3c23781,JaydenBLi,2026-04-10,23:48:23,-07:00,2026-04-10T23:48:23-07:00,1,29
style.css,65,css,d3c23781,JaydenBLi,2026-04-10,23:48:23,-07:00,2026-04-10T23:48:23-07:00,1,16
style.css,66,css,d3c23781,JaydenBLi,2026-04-10,23:48:23,-07:00,2026-04-10T23:48:23-07:00,0,0
style.css,67,css,d3c23781,JaydenBLi,2026-04-10,23:48:23,-07:00,2026-04-10T23:48:23-07:00,0,6
style.css,68,css,d3c23781,JaydenBLi,2026-04-10,23:48:23,-07:00,2026-04-10T23:48:23-07:00,1,16
style.css,69,css,d3c23781,JaydenBLi,2026-04-10,23:48:23,-07:00,2026-04-10T23:48:23-07:00,0,0
style.css,70,css,d3c23781,JaydenBLi,2026-04-10,23:48:23,-07:00,2026-04-10T23:48:23-07:00,0,9
style.css,71,css,d3c23781,JaydenBLi,2026-04-10,23:48:23,-07:00,2026-04-10T23:48:23-07:00,1,12
style.css,72,css,d3c23781,JaydenBLi,2026-04-10,23:48:23,-07:00,2026-04-10T23:48:23-07:00,1,57
style.css,73,css,d3c23781,JaydenBLi,2026-04-10,23:48:23,-07:00,2026-04-10T23:48:23-07:00,1,7
style.css,74,css,d3c23781,JaydenBLi,2026-04-10,23:48:23,-07:00,2026-04-10T23:48:23-07:00,0,0
style.css,75,css,d3c23781,JaydenBLi,2026-04-10,23:48:23,-07:00,2026-04-10T23:48:23-07:00,0,7
style.css,76,css,d3c23781,JaydenBLi,2026-04-10,23:48:23,-07:00,2026-04-10T23:48:23-07:00,1,12
style.css,77,css,d3c23781,JaydenBLi,2026-04-10,23:48:23,-07:00,2026-04-10T23:48:23-07:00,1,26
style.css,78,css,d3c23781,JaydenBLi,2026-04-10,23:48:23,-07:00,2026-04-10T23:48:23-07:00,1,15
style.css,79,css,d3c23781,JaydenBLi,2026-04-10,23:48:23,-07:00,2026-04-10T23:48:23-07:00,0,0
style.css,80,css,d3c23781,JaydenBLi,2026-04-10,23:48:23,-07:00,2026-04-10T23:48:23-07:00,0,9
style.css,81,css,d3c23781,JaydenBLi,2026-04-10,23:48:23,-07:00,2026-04-10T23:48:23-07:00,1,7
style.css,82,css,d3c23781,JaydenBLi,2026-04-10,23:48:23,-07:00,2026-04-10T23:48:23-07:00,0,0
style.css,83,css,d3c23781,JaydenBLi,2026-04-10,23:48:23,-07:00,2026-04-10T23:48:23-07:00,0,2
style.css,84,css,d3c23781,JaydenBLi,2026-04-10,23:48:23,-07:00,2026-04-10T23:48:23-07:00,1,14
style.css,85,css,d3c23781,JaydenBLi,2026-04-10,23:48:23,-07:00,2026-04-10T23:48:23-07:00,0,0
style.css,86,css,d3c23781,JaydenBLi,2026-04-10,23:48:23,-07:00,2026-04-10T23:48:23-07:00,0,22
style.css,87,css,d3c23781,JaydenBLi,2026-04-10,23:48:23,-07:00,2026-04-10T23:48:23-07:00,1,15
style.css,88,css,d3c23781,JaydenBLi,2026-04-10,23:48:23,-07:00,2026-04-10T23:48:23-07:00,1,17
style.css,89,css,d3c23781,JaydenBLi,2026-04-10,23:48:23,-07:00,2026-04-10T23:48:23-07:00,0,0
style.css,90,css,d3c23781,JaydenBLi,2026-04-10,23:48:23,-07:00,2026-04-10T23:48:23-07:00,0,9
style.css,91,css,d3c23781,JaydenBLi,2026-04-10,23:48:23,-07:00,2026-04-10T23:48:23-07:00,1,23
style.css,92,css,d3c23781,JaydenBLi,2026-04-10,23:48:23,-07:00,2026-04-10T23:48:23-07:00,1,25
style.css,93,css,d3c23781,JaydenBLi,2026-04-10,23:48:23,-07:00,2026-04-10T23:48:23-07:00,1,33
style.css,94,css,d3c23781,JaydenBLi,2026-04-10,23:48:23,-07:00,2026-04-10T23:48:23-07:00,0,0
style.css,95,css,d3c23781,JaydenBLi,2026-04-10,23:48:23,-07:00,2026-04-10T23:48:23-07:00,0,4
style.css,96,css,d3c23781,JaydenBLi,2026-04-10,23:48:23,-07:00,2026-04-10T23:48:23-07:00,1,8
style.css,97,css,d3c23781,JaydenBLi,2026-04-10,23:48:23,-07:00,2026-04-10T23:48:23-07:00,0,0
style.css,98,css,d3c23781,JaydenBLi,2026-04-10,23:48:23,-07:00,2026-04-10T23:48:23-07:00,0,2
style.css,99,css,d3c23781,JaydenBLi,2026-04-10,23:48:23,-07:00,2026-04-10T23:48:23-07:00,1,16
style.css,100,css,d3c23781,JaydenBLi,2026-04-10,23:48:23,-07:00,2026-04-10T23:48:23-07:00,1,17
style.css,101,css,bd2427b4,JaydenBLi,2026-04-16,15:57:57,-07:00,2026-04-16T15:57:57-07:00,0,0
style.css,102,css,bd2427b4,JaydenBLi,2026-04-16,15:57:57,-07:00,2026-04-16T15:57:57-07:00,0,17
style.css,103,css,bd2427b4,JaydenBLi,2026-04-16,15:57:57,-07:00,2026-04-16T15:57:57-07:00,1,16
style.css,104,css,bd2427b4,JaydenBLi,2026-04-16,15:57:57,-07:00,2026-04-16T15:57:57-07:00,1,8
style.css,105,css,bd2427b4,JaydenBLi,2026-04-16,15:57:57,-07:00,2026-04-16T15:57:57-07:00,1,10
style.css,106,css,bd2427b4,JaydenBLi,2026-04-16,15:57:57,-07:00,2026-04-16T15:57:57-07:00,1,8
style.css,107,css,b1a849cc,JaydenBLi,2026-04-25,22:54:57,-07:00,2026-04-25T22:54:57-07:00,0,0
style.css,108,css,b1a849cc,JaydenBLi,2026-04-25,22:54:57,-07:00,2026-04-25T22:54:57-07:00,0,14
style.css,109,css,b1a849cc,JaydenBLi,2026-04-25,22:54:57,-07:00,2026-04-25T22:54:57-07:00,1,15
style.css,110,css,b1a849cc,JaydenBLi,2026-04-25,22:54:57,-07:00,2026-04-25T22:54:57-07:00,1,14
style.css,111,css,b1a849cc,JaydenBLi,2026-04-25,22:54:57,-07:00,2026-04-25T22:54:57-07:00,1,18
style.css,112,css,b1a849cc,JaydenBLi,2026-04-25,22:54:57,-07:00,2026-04-25T22:54:57-07:00,0,0
style.css,113,css,b1a849cc,JaydenBLi,2026-04-25,22:54:57,-07:00,2026-04-25T22:54:57-07:00,0,17
style.css,114,css,b1a849cc,JaydenBLi,2026-04-25,22:54:57,-07:00,2026-04-25T22:54:57-07:00,1,18
style.css,115,css,b1a849cc,JaydenBLi,2026-04-25,22:54:57,-07:00,2026-04-25T22:54:57-07:00,0,0
style.css,116,css,b1a849cc,JaydenBLi,2026-04-25,22:54:57,-07:00,2026-04-25T22:54:57-07:00,0,17
style.css,117,css,b1a849cc,JaydenBLi,2026-04-25,22:54:57,-07:00,2026-04-25T22:54:57-07:00,1,12
style.css,118,css,b1a849cc,JaydenBLi,2026-04-25,22:54:57,-07:00,2026-04-25T22:54:57-07:00,1,36
style.css,119,css,b1a849cc,JaydenBLi,2026-04-25,22:54:57,-07:00,2026-04-25T22:54:57-07:00,1,8
style.css,120,css,b1a849cc,JaydenBLi,2026-04-25,22:54:57,-07:00,2026-04-25T22:54:57-07:00,1,17
style.css,121,css,b1a849cc,JaydenBLi,2026-04-25,22:54:57,-07:00,2026-04-25T22:54:57-07:00,0,0
style.css,122,css,b1a849cc,JaydenBLi,2026-04-25,22:54:57,-07:00,2026-04-25T22:54:57-07:00,0,17
style.css,123,css,b1a849cc,JaydenBLi,2026-04-25,22:54:57,-07:00,2026-04-25T22:54:57-07:00,1,10
style.css,124,css,b1a849cc,JaydenBLi,2026-04-25,22:54:57,-07:00,2026-04-25T22:54:57-07:00,1,16
style.css,125,css,b1a849cc,JaydenBLi,2026-04-25,22:54:57,-07:00,2026-04-25T22:54:57-07:00,1,10
style.css,126,css,b1a849cc,JaydenBLi,2026-04-25,22:54:57,-07:00,2026-04-25T22:54:57-07:00,1,15
style.css,127,css,b1a849cc,JaydenBLi,2026-04-25,22:54:57,-07:00,2026-04-25T22:54:57-07:00,0,0
style.css,128,css,b1a849cc,JaydenBLi,2026-04-25,22:54:57,-07:00,2026-04-25T22:54:57-07:00,0,17
style.css,129,css,b1a849cc,JaydenBLi,2026-04-25,22:54:57,-07:00,2026-04-25T22:54:57-07:00,1,10
style.css,130,css,b1a849cc,JaydenBLi,2026-04-25,22:54:57,-07:00,2026-04-25T22:54:57-07:00,1,16
style.css,131,css,b1a849cc,JaydenBLi,2026-04-25,22:54:57,-07:00,2026-04-25T22:54:57-07:00,1,16
style.css,132,css,b1a849cc,JaydenBLi,2026-04-25,22:54:57,-07:00,2026-04-25T22:54:57-07:00,1,8
style.css,133,css,878e3af1,JaydenBLi,2026-05-01,23:40:44,-07:00,2026-05-01T23:40:44-07:00,0,0
style.css,134,css,878e3af1,JaydenBLi,2026-05-01,23:40:44,-07:00,2026-05-01T23:40:44-07:00,0,0
style.css,135,css,878e3af1,JaydenBLi,2026-05-01,23:40:44,-07:00,2026-05-01T23:40:44-07:00,0,18
style.css,136,css,878e3af1,JaydenBLi,2026-05-01,23:40:44,-07:00,2026-05-01T23:40:44-07:00,1,14
style.css,137,css,878e3af1,JaydenBLi,2026-05-01,23:40:44,-07:00,2026-05-01T23:40:44-07:00,1,16
style.css,138,css,878e3af1,JaydenBLi,2026-05-01,23:40:44,-07:00,2026-05-01T23:40:44-07:00,0,0
style.css,139,css,878e3af1,JaydenBLi,2026-05-01,23:40:44,-07:00,2026-05-01T23:40:44-07:00,1,16
style.css,140,css,878e3af1,JaydenBLi,2026-05-01,23:40:44,-07:00,2026-05-01T23:40:44-07:00,0,0
style.css,141,css,878e3af1,JaydenBLi,2026-05-01,23:40:44,-07:00,2026-05-01T23:40:44-07:00,0,7
style.css,142,css,878e3af1,JaydenBLi,2026-05-01,23:40:44,-07:00,2026-05-01T23:40:44-07:00,1,6
style.css,143,css,878e3af1,JaydenBLi,2026-05-01,23:40:44,-07:00,2026-05-01T23:40:44-07:00,1,12
style.css,144,css,878e3af1,JaydenBLi,2026-05-01,23:40:44,-07:00,2026-05-01T23:40:44-07:00,1,57
style.css,145,css,878e3af1,JaydenBLi,2026-05-01,23:40:44,-07:00,2026-05-01T23:40:44-07:00,1,9
style.css,146,css,878e3af1,JaydenBLi,2026-05-01,23:40:44,-07:00,2026-05-01T23:40:44-07:00,1,15
style.css,147,css,878e3af1,JaydenBLi,2026-05-01,23:40:44,-07:00,2026-05-01T23:40:44-07:00,1,11
style.css,148,css,878e3af1,JaydenBLi,2026-05-01,23:40:44,-07:00,2026-05-01T23:40:44-07:00,1,7
style.css,149,css,878e3af1,JaydenBLi,2026-05-01,23:40:44,-07:00,2026-05-01T23:40:44-07:00,1,21
style.css,150,css,878e3af1,JaydenBLi,2026-05-01,23:40:44,-07:00,2026-05-01T23:40:44-07:00,0,0
style.css,151,css,878e3af1,JaydenBLi,2026-05-01,23:40:44,-07:00,2026-05-01T23:40:44-07:00,0,0
style.css,152,css,878e3af1,JaydenBLi,2026-05-01,23:40:44,-07:00,2026-05-01T23:40:44-07:00,0,10
style.css,153,css,878e3af1,JaydenBLi,2026-05-01,23:40:44,-07:00,2026-05-01T23:40:44-07:00,1,12
style.css,154,css,878e3af1,JaydenBLi,2026-05-01,23:40:44,-07:00,2026-05-01T23:40:44-07:00,1,18
style.css,155,css,878e3af1,JaydenBLi,2026-05-01,23:40:44,-07:00,2026-05-01T23:40:44-07:00,1,9
style.css,156,css,878e3af1,JaydenBLi,2026-05-01,23:40:44,-07:00,2026-05-01T23:40:44-07:00,0,0
style.css,157,css,878e3af1,JaydenBLi,2026-05-01,23:40:44,-07:00,2026-05-01T23:40:44-07:00,0,0
style.css,158,css,878e3af1,JaydenBLi,2026-05-01,23:40:44,-07:00,2026-05-01T23:40:44-07:00,0,7
style.css,159,css,878e3af1,JaydenBLi,2026-05-01,23:40:44,-07:00,2026-05-01T23:40:44-07:00,1,9
style.css,160,css,878e3af1,JaydenBLi,2026-05-01,23:40:44,-07:00,2026-05-01T23:40:44-07:00,1,10
style.css,161,css,878e3af1,JaydenBLi,2026-05-01,23:40:44,-07:00,2026-05-01T23:40:44-07:00,1,23
style.css,162,css,878e3af1,JaydenBLi,2026-05-01,23:40:44,-07:00,2026-05-01T23:40:44-07:00,1,20
style.css,163,css,878e3af1,JaydenBLi,2026-05-01,23:40:44,-07:00,2026-05-01T23:40:44-07:00,1,17
style.css,164,css,878e3af1,JaydenBLi,2026-05-01,23:40:44,-07:00,2026-05-01T23:40:44-07:00,0,0
style.css,165,css,878e3af1,JaydenBLi,2026-05-01,23:40:44,-07:00,2026-05-01T23:40:44-07:00,0,0
style.css,166,css,878e3af1,JaydenBLi,2026-05-01,23:40:44,-07:00,2026-05-01T23:40:44-07:00,0,16
style.css,167,css,878e3af1,JaydenBLi,2026-05-01,23:40:44,-07:00,2026-05-01T23:40:44-07:00,1,12
style.css,168,css,878e3af1,JaydenBLi,2026-05-01,23:40:44,-07:00,2026-05-01T23:40:44-07:00,1,18
style.css,169,css,878e3af1,JaydenBLi,2026-05-01,23:40:44,-07:00,2026-05-01T23:40:44-07:00,1,7
style.css,170,css,878e3af1,JaydenBLi,2026-05-01,23:40:44,-07:00,2026-05-01T23:40:44-07:00,0,0
style.css,171,css,878e3af1,JaydenBLi,2026-05-01,23:40:44,-07:00,2026-05-01T23:40:44-07:00,0,0
style.css,172,css,878e3af1,JaydenBLi,2026-05-01,23:40:44,-07:00,2026-05-01T23:40:44-07:00,0,17
style.css,173,css,878e3af1,JaydenBLi,2026-05-01,23:40:44,-07:00,2026-05-01T23:40:44-07:00,1,16
style.css,174,css,878e3af1,JaydenBLi,2026-05-01,23:40:44,-07:00,2026-05-01T23:40:44-07:00,2,11
style.css,175,css,878e3af1,JaydenBLi,2026-05-01,23:40:44,-07:00,2026-05-01T23:40:44-07:00,1,0
style.css,176,css,878e3af1,JaydenBLi,2026-05-01,23:40:44,-07:00,2026-05-01T23:40:44-07:00,0,0
style.css,177,css,878e3af1,JaydenBLi,2026-05-01,23:40:44,-07:00,2026-05-01T23:40:44-07:00,0,4
style.css,178,css,878e3af1,JaydenBLi,2026-05-01,23:40:44,-07:00,2026-05-01T23:40:44-07:00,1,16
style.css,179,css,878e3af1,JaydenBLi,2026-05-01,23:40:44,-07:00,2026-05-01T23:40:44-07:00,1,14
style.css,180,css,878e3af1,JaydenBLi,2026-05-01,23:40:44,-07:00,2026-05-01T23:40:44-07:00,0,0
style.css,181,css,878e3af1,JaydenBLi,2026-05-01,23:40:44,-07:00,2026-05-01T23:40:44-07:00,0,9
style.css,182,css,878e3af1,JaydenBLi,2026-05-01,23:40:44,-07:00,2026-05-01T23:40:44-07:00,1,35
style.css,183,css,878e3af1,JaydenBLi,2026-05-01,23:40:44,-07:00,2026-05-01T23:40:44-07:00,0,0
style.css,184,css,878e3af1,JaydenBLi,2026-05-01,23:40:44,-07:00,2026-05-01T23:40:44-07:00,1,10
style.css,185,css,878e3af1,JaydenBLi,2026-05-01,23:40:44,-07:00,2026-05-01T23:40:44-07:00,2,17
style.css,186,css,878e3af1,JaydenBLi,2026-05-01,23:40:44,-07:00,2026-05-01T23:40:44-07:00,1,0
style.css,187,css,c0a660a0,JaydenBLi,2026-04-01,16:59:39,-07:00,2026-04-01T16:59:39-07:00,0,0
index.js,1,js,b1a849cc,JaydenBLi,2026-04-25,22:54:57,-07:00,2026-04-25T22:54:57-07:00,0,71
index.js,2,js,b1a849cc,JaydenBLi,2026-04-25,22:54:57,-07:00,2026-04-25T22:54:57-07:00,0,54
index.js,3,js,b1a849cc,JaydenBLi,2026-04-25,22:54:57,-07:00,2026-04-25T22:54:57-07:00,0,42
index.js,4,js,b1a849cc,JaydenBLi,2026-04-25,22:54:57,-07:00,2026-04-25T22:54:57-07:00,0,60
index.js,5,js,b1a849cc,JaydenBLi,2026-04-25,22:54:57,-07:00,2026-04-25T22:54:57-07:00,0,54
index.js,6,js,b1a849cc,JaydenBLi,2026-04-25,22:54:57,-07:00,2026-04-25T22:54:57-07:00,0,52
index.js,7,js,b1a849cc,JaydenBLi,2026-04-25,22:54:57,-07:00,2026-04-25T22:54:57-07:00,0,60
index.js,8,js,b1a849cc,JaydenBLi,2026-04-25,22:54:57,-07:00,2026-04-25T22:54:57-07:00,0,17
index.js,9,js,b1a849cc,JaydenBLi,2026-04-25,22:54:57,-07:00,2026-04-25T22:54:57-07:00,1,24
index.js,10,js,b1a849cc,JaydenBLi,2026-04-25,22:54:57,-07:00,2026-04-25T22:54:57-07:00,4,2
index.js,11,js,b1a849cc,JaydenBLi,2026-04-25,22:54:57,-07:00,2026-04-25T22:54:57-07:00,5,55
index.js,12,js,b1a849cc,JaydenBLi,2026-04-25,22:54:57,-07:00,2026-04-25T22:54:57-07:00,5,55
index.js,13,js,b1a849cc,JaydenBLi,2026-04-25,22:54:57,-07:00,2026-04-25T22:54:57-07:00,5,49
index.js,14,js,b1a849cc,JaydenBLi,2026-04-25,22:54:57,-07:00,2026-04-25T22:54:57-07:00,5,49
index.js,15,js,b1a849cc,JaydenBLi,2026-04-25,22:54:57,-07:00,2026-04-25T22:54:57-07:00,4,3
index.js,16,js,b1a849cc,JaydenBLi,2026-04-25,22:54:57,-07:00,2026-04-25T22:54:57-07:00,2,0
index.js,17,js,b1a849cc,JaydenBLi,2026-04-25,22:54:57,-07:00,2026-04-25T22:54:57-07:00,0,0
index.html,1,html,52bc6978,JaydenBLi,2026-04-01,15:57:01,-07:00,2026-04-01T15:57:01-07:00,0,13
index.html,2,html,52bc6978,JaydenBLi,2026-04-01,15:57:01,-07:00,2026-04-01T15:57:01-07:00,0,14
index.html,3,html,52bc6978,JaydenBLi,2026-04-01,15:57:01,-07:00,2026-04-01T15:57:01-07:00,0,4
index.html,4,html,52bc6978,JaydenBLi,2026-04-01,15:57:01,-07:00,2026-04-01T15:57:01-07:00,2,20
index.html,5,html,52bc6978,JaydenBLi,2026-04-01,15:57:01,-07:00,2026-04-01T15:57:01-07:00,2,68
index.html,6,html,52bc6978,JaydenBLi,2026-04-01,15:57:01,-07:00,2026-04-01T15:57:01-07:00,2,51
index.html,7,html,c0a660a0,JaydenBLi,2026-04-01,16:59:39,-07:00,2026-04-01T16:59:39-07:00,2,38
index.html,8,html,79b50346,JaydenBLi,2026-04-16,15:32:42,-07:00,2026-04-16T15:32:42-07:00,2,45
index.html,9,html,52bc6978,JaydenBLi,2026-04-01,15:57:01,-07:00,2026-04-01T15:57:01-07:00,0,5
index.html,10,html,52bc6978,JaydenBLi,2026-04-01,15:57:01,-07:00,2026-04-01T15:57:01-07:00,0,4
index.html,11,html,79b50346,JaydenBLi,2026-04-16,15:32:42,-07:00,2026-04-16T15:32:42-07:00,2,8
index.html,12,html,80566282,JaydenBLi,2026-04-02,12:59:01,-07:00,2026-04-02T12:59:01-07:00,4,2
index.html,13,html,79b50346,JaydenBLi,2026-04-16,15:32:42,-07:00,2026-04-16T15:32:42-07:00,6,36
index.html,14,html,80566282,JaydenBLi,2026-04-02,12:59:01,-07:00,2026-04-02T12:59:01-07:00,6,47
index.html,15,html,80566282,JaydenBLi,2026-04-02,12:59:01,-07:00,2026-04-02T12:59:01-07:00,6,49
index.html,16,html,80566282,JaydenBLi,2026-04-02,12:59:01,-07:00,2026-04-02T12:59:01-07:00,6,72
index.html,17,html,80566282,JaydenBLi,2026-04-02,12:59:01,-07:00,2026-04-02T12:59:01-07:00,6,45
index.html,18,html,80566282,JaydenBLi,2026-04-02,12:59:01,-07:00,2026-04-02T12:59:01-07:00,4,3
index.html,19,html,79b50346,JaydenBLi,2026-04-16,15:32:42,-07:00,2026-04-16T15:32:42-07:00,2,8
index.html,20,html,d3c23781,JaydenBLi,2026-04-10,23:48:23,-07:00,2026-04-10T23:48:23-07:00,2,16
index.html,21,html,d3c23781,JaydenBLi,2026-04-10,23:48:23,-07:00,2026-04-10T23:48:23-07:00,2,113
index.html,22,html,d3c23781,JaydenBLi,2026-04-10,23:48:23,-07:00,2026-04-10T23:48:23-07:00,2,49
index.html,23,html,b1a849cc,JaydenBLi,2026-04-25,22:54:57,-07:00,2026-04-25T22:54:57-07:00,2,22
index.html,24,html,b1a849cc,JaydenBLi,2026-04-25,22:54:57,-07:00,2026-04-25T22:54:57-07:00,2,28
index.html,25,html,b1a849cc,JaydenBLi,2026-04-25,22:54:57,-07:00,2026-04-25T22:54:57-07:00,2,22
index.html,26,html,b1a849cc,JaydenBLi,2026-04-25,22:54:57,-07:00,2026-04-25T22:54:57-07:00,2,20
index.html,27,html,b1a849cc,JaydenBLi,2026-04-25,22:54:57,-07:00,2026-04-25T22:54:57-07:00,4,50
index.html,28,html,b1a849cc,JaydenBLi,2026-04-25,22:54:57,-07:00,2026-04-25T22:54:57-07:00,2,4
index.html,29,html,d3c23781,JaydenBLi,2026-04-10,23:48:23,-07:00,2026-04-10T23:48:23-07:00,2,0
index.html,30,html,52bc6978,JaydenBLi,2026-04-01,15:57:01,-07:00,2026-04-01T15:57:01-07:00,0,5
index.html,31,html,52bc6978,JaydenBLi,2026-04-01,15:57:01,-07:00,2026-04-01T15:57:01-07:00,0,5
global.js,1,js,79b50346,JaydenBLi,2026-04-16,15:32:42,-07:00,2026-04-16T15:32:42-07:00,0,28
global.js,2,js,79b50346,JaydenBLi,2026-04-16,15:32:42,-07:00,2026-04-16T15:32:42-07:00,0,0
global.js,3,js,79b50346,JaydenBLi,2026-04-16,15:32:42,-07:00,2026-04-16T15:32:42-07:00,0,44
global.js,4,js,79b50346,JaydenBLi,2026-04-16,15:32:42,-07:00,2026-04-16T15:32:42-07:00,0,57
global.js,5,js,79b50346,JaydenBLi,2026-04-16,15:32:42,-07:00,2026-04-16T15:32:42-07:00,0,2
global.js,6,js,79b50346,JaydenBLi,2026-04-16,15:32:42,-07:00,2026-04-16T15:32:42-07:00,0,0
global.js,7,js,79b50346,JaydenBLi,2026-04-16,15:32:42,-07:00,2026-04-16T15:32:42-07:00,0,28
global.js,8,js,79b50346,JaydenBLi,2026-04-16,15:32:42,-07:00,2026-04-16T15:32:42-07:00,0,22
global.js,9,js,79b50346,JaydenBLi,2026-04-16,15:32:42,-07:00,2026-04-16T15:32:42-07:00,0,33
global.js,10,js,79b50346,JaydenBLi,2026-04-16,15:32:42,-07:00,2026-04-16T15:32:42-07:00,0,71
global.js,11,js,79b50346,JaydenBLi,2026-04-16,15:32:42,-07:00,2026-04-16T15:32:42-07:00,0,3
global.js,12,js,79b50346,JaydenBLi,2026-04-16,15:32:42,-07:00,2026-04-16T15:32:42-07:00,0,26
global.js,13,js,79b50346,JaydenBLi,2026-04-16,15:32:42,-07:00,2026-04-16T15:32:42-07:00,0,39
global.js,14,js,79b50346,JaydenBLi,2026-04-16,15:32:42,-07:00,2026-04-16T15:32:42-07:00,0,88
global.js,15,js,79b50346,JaydenBLi,2026-04-16,15:32:42,-07:00,2026-04-16T15:32:42-07:00,1,37
global.js,16,js,914936a2,JaydenBLi,2026-04-26,00:01:28,-07:00,2026-04-26T00:01:28-07:00,1,47
global.js,17,js,79b50346,JaydenBLi,2026-04-16,15:32:42,-07:00,2026-04-16T15:32:42-07:00,0,21
global.js,18,js,79b50346,JaydenBLi,2026-04-16,15:32:42,-07:00,2026-04-16T15:32:42-07:00,0,11
global.js,19,js,79b50346,JaydenBLi,2026-04-16,15:32:42,-07:00,2026-04-16T15:32:42-07:00,1,26
global.js,20,js,79b50346,JaydenBLi,2026-04-16,15:32:42,-07:00,2026-04-16T15:32:42-07:00,1,39
global.js,21,js,79b50346,JaydenBLi,2026-04-16,15:32:42,-07:00,2026-04-16T15:32:42-07:00,1,36
global.js,22,js,00000000,Not Committed Yet,2026-05-09,13:04:47,-07:00,2026-05-09T13:04:47-07:00,1,30
global.js,23,js,79b50346,JaydenBLi,2026-04-16,15:32:42,-07:00,2026-04-16T15:32:42-07:00,1,54
global.js,24,js,79b50346,JaydenBLi,2026-04-16,15:32:42,-07:00,2026-04-16T15:32:42-07:00,1,33
global.js,25,js,79b50346,JaydenBLi,2026-04-16,15:32:42,-07:00,2026-04-16T15:32:42-07:00,0,0
global.js,26,js,79b50346,JaydenBLi,2026-04-16,15:32:42,-07:00,2026-04-16T15:32:42-07:00,0,0
global.js,27,js,79b50346,JaydenBLi,2026-04-16,15:32:42,-07:00,2026-04-16T15:32:42-07:00,0,38
global.js,28,js,79b50346,JaydenBLi,2026-04-16,15:32:42,-07:00,2026-04-16T15:32:42-07:00,0,25
global.js,29,js,79b50346,JaydenBLi,2026-04-16,15:32:42,-07:00,2026-04-16T15:32:42-07:00,0,0
global.js,30,js,79b50346,JaydenBLi,2026-04-16,15:32:42,-07:00,2026-04-16T15:32:42-07:00,0,20
global.js,31,js,79b50346,JaydenBLi,2026-04-16,15:32:42,-07:00,2026-04-16T15:32:42-07:00,1,14
global.js,32,js,79b50346,JaydenBLi,2026-04-16,15:32:42,-07:00,2026-04-16T15:32:42-07:00,1,18
global.js,33,js,79b50346,JaydenBLi,2026-04-16,15:32:42,-07:00,2026-04-16T15:32:42-07:00,1,52
global.js,34,js,79b50346,JaydenBLi,2026-04-16,15:32:42,-07:00,2026-04-16T15:32:42-07:00,1,34
global.js,35,js,79b50346,JaydenBLi,2026-04-16,15:32:42,-07:00,2026-04-16T15:32:42-07:00,1,11
global.js,36,js,79b50346,JaydenBLi,2026-04-16,15:32:42,-07:00,2026-04-16T15:32:42-07:00,1,20
global.js,37,js,79b50346,JaydenBLi,2026-04-16,15:32:42,-07:00,2026-04-16T15:32:42-07:00,1,65
global.js,38,js,79b50346,JaydenBLi,2026-04-16,15:32:42,-07:00,2026-04-16T15:32:42-07:00,2,25
global.js,39,js,79b50346,JaydenBLi,2026-04-16,15:32:42,-07:00,2026-04-16T15:32:42-07:00,1,0
global.js,40,js,79b50346,JaydenBLi,2026-04-16,15:32:42,-07:00,2026-04-16T15:32:42-07:00,1,28
global.js,41,js,79b50346,JaydenBLi,2026-04-16,15:32:42,-07:00,2026-04-16T15:32:42-07:00,2,16
global.js,42,js,79b50346,JaydenBLi,2026-04-16,15:32:42,-07:00,2026-04-16T15:32:42-07:00,1,0
global.js,43,js,79b50346,JaydenBLi,2026-04-16,15:32:42,-07:00,2026-04-16T15:32:42-07:00,1,12
global.js,44,js,79b50346,JaydenBLi,2026-04-16,15:32:42,-07:00,2026-04-16T15:32:42-07:00,0,0
global.js,45,js,79b50346,JaydenBLi,2026-04-16,15:32:42,-07:00,2026-04-16T15:32:42-07:00,0,0
global.js,46,js,79b50346,JaydenBLi,2026-04-16,15:32:42,-07:00,2026-04-16T15:32:42-07:00,0,0
global.js,47,js,bd2427b4,JaydenBLi,2026-04-16,15:57:57,-07:00,2026-04-16T15:57:57-07:00,0,31
global.js,48,js,bd2427b4,JaydenBLi,2026-04-16,15:57:57,-07:00,2026-04-16T15:57:57-07:00,1,11
global.js,49,js,bd2427b4,JaydenBLi,2026-04-16,15:57:57,-07:00,2026-04-16T15:57:57-07:00,1,0
global.js,50,js,bd2427b4,JaydenBLi,2026-04-16,15:57:57,-07:00,2026-04-16T15:57:57-07:00,0,26
global.js,51,js,bd2427b4,JaydenBLi,2026-04-16,15:57:57,-07:00,2026-04-16T15:57:57-07:00,0,4
global.js,52,js,bd2427b4,JaydenBLi,2026-04-16,15:57:57,-07:00,2026-04-16T15:57:57-07:00,0,6
global.js,53,js,bd2427b4,JaydenBLi,2026-04-16,15:57:57,-07:00,2026-04-16T15:57:57-07:00,0,52
global.js,54,js,bd2427b4,JaydenBLi,2026-04-16,15:57:57,-07:00,2026-04-16T15:57:57-07:00,6,34
global.js,55,js,bd2427b4,JaydenBLi,2026-04-16,15:57:57,-07:00,2026-04-16T15:57:57-07:00,6,32
global.js,56,js,bd2427b4,JaydenBLi,2026-04-16,15:57:57,-07:00,2026-04-16T15:57:57-07:00,0,7
global.js,57,js,bd2427b4,JaydenBLi,2026-04-16,15:57:57,-07:00,2026-04-16T15:57:57-07:00,0,8
global.js,58,js,bd2427b4,JaydenBLi,2026-04-16,15:57:57,-07:00,2026-04-16T15:57:57-07:00,0,0
global.js,59,js,bd2427b4,JaydenBLi,2026-04-16,15:57:57,-07:00,2026-04-16T15:57:57-07:00,0,56
global.js,60,js,bd2427b4,JaydenBLi,2026-04-16,15:57:57,-07:00,2026-04-16T15:57:57-07:00,0,49
global.js,61,js,bd2427b4,JaydenBLi,2026-04-16,15:57:57,-07:00,2026-04-16T15:57:57-07:00,1,77
global.js,62,js,bd2427b4,JaydenBLi,2026-04-16,15:57:57,-07:00,2026-04-16T15:57:57-07:00,1,43
global.js,63,js,bd2427b4,JaydenBLi,2026-04-16,15:57:57,-07:00,2026-04-16T15:57:57-07:00,0,1
global.js,64,js,bd2427b4,JaydenBLi,2026-04-16,15:57:57,-07:00,2026-04-16T15:57:57-07:00,0,33
global.js,65,js,bd2427b4,JaydenBLi,2026-04-16,15:57:57,-07:00,2026-04-16T15:57:57-07:00,2,83
global.js,66,js,bd2427b4,JaydenBLi,2026-04-16,15:57:57,-07:00,2026-04-16T15:57:57-07:00,2,36
global.js,67,js,bd2427b4,JaydenBLi,2026-04-16,15:57:57,-07:00,2026-04-16T15:57:57-07:00,0,0
global.js,68,js,bd2427b4,JaydenBLi,2026-04-16,15:57:57,-07:00,2026-04-16T15:57:57-07:00,0,0
global.js,69,js,b1a849cc,JaydenBLi,2026-04-25,22:54:57,-07:00,2026-04-25T22:54:57-07:00,0,36
global.js,70,js,b1a849cc,JaydenBLi,2026-04-25,22:54:57,-07:00,2026-04-25T22:54:57-07:00,1,3
global.js,71,js,b1a849cc,JaydenBLi,2026-04-25,22:54:57,-07:00,2026-04-25T22:54:57-07:00,2,39
global.js,72,js,b1a849cc,JaydenBLi,2026-04-25,22:54:57,-07:00,2026-04-25T22:54:57-07:00,2,32
global.js,73,js,b1a849cc,JaydenBLi,2026-04-25,22:54:57,-07:00,2026-04-25T22:54:57-07:00,2,17
global.js,74,js,b1a849cc,JaydenBLi,2026-04-25,22:54:57,-07:00,2026-04-25T22:54:57-07:00,3,66
global.js,75,js,b1a849cc,JaydenBLi,2026-04-25,22:54:57,-07:00,2026-04-25T22:54:57-07:00,2,0
global.js,76,js,b1a849cc,JaydenBLi,2026-04-25,22:54:57,-07:00,2026-04-25T22:54:57-07:00,2,33
global.js,77,js,b1a849cc,JaydenBLi,2026-04-25,22:54:57,-07:00,2026-04-25T22:54:57-07:00,2,10
global.js,78,js,b1a849cc,JaydenBLi,2026-04-25,22:54:57,-07:00,2026-04-25T22:54:57-07:00,1,15
global.js,79,js,b1a849cc,JaydenBLi,2026-04-25,22:54:57,-07:00,2026-04-25T22:54:57-07:00,2,59
global.js,80,js,b1a849cc,JaydenBLi,2026-04-25,22:54:57,-07:00,2026-04-25T22:54:57-07:00,1,0
global.js,81,js,b1a849cc,JaydenBLi,2026-04-25,22:54:57,-07:00,2026-04-25T22:54:57-07:00,0,0
global.js,82,js,b1a849cc,JaydenBLi,2026-04-25,22:54:57,-07:00,2026-04-25T22:54:57-07:00,0,0
global.js,83,js,b1a849cc,JaydenBLi,2026-04-25,22:54:57,-07:00,2026-04-25T22:54:57-07:00,0,78
global.js,84,js,b1a849cc,JaydenBLi,2026-04-25,22:54:57,-07:00,2026-04-25T22:54:57-07:00,1,30
global.js,85,js,b1a849cc,JaydenBLi,2026-04-25,22:54:57,-07:00,2026-04-25T22:54:57-07:00,1,29
global.js,86,js,b1a849cc,JaydenBLi,2026-04-25,22:54:57,-07:00,2026-04-25T22:54:57-07:00,2,48
global.js,87,js,b1a849cc,JaydenBLi,2026-04-25,22:54:57,-07:00,2026-04-25T22:54:57-07:00,0,0
global.js,88,js,b1a849cc,JaydenBLi,2026-04-25,22:54:57,-07:00,2026-04-25T22:54:57-07:00,2,19
global.js,89,js,b1a849cc,JaydenBLi,2026-04-25,22:54:57,-07:00,2026-04-25T22:54:57-07:00,3,49
global.js,90,js,b1a849cc,JaydenBLi,2026-04-25,22:54:57,-07:00,2026-04-25T22:54:57-07:00,3,49
global.js,91,js,878e3af1,JaydenBLi,2026-05-01,23:40:44,-07:00,2026-05-01T23:40:44-07:00,3,3
global.js,92,js,b1a849cc,JaydenBLi,2026-04-25,22:54:57,-07:00,2026-04-25T22:54:57-07:00,3,27
global.js,93,js,878e3af1,JaydenBLi,2026-05-01,23:40:44,-07:00,2026-05-01T23:40:44-07:00,3,23
global.js,94,js,878e3af1,JaydenBLi,2026-05-01,23:40:44,-07:00,2026-05-01T23:40:44-07:00,3,4
global.js,95,js,b1a849cc,JaydenBLi,2026-04-25,22:54:57,-07:00,2026-04-25T22:54:57-07:00,2,0
global.js,96,js,b1a849cc,JaydenBLi,2026-04-25,22:54:57,-07:00,2026-04-25T22:54:57-07:00,2,36
global.js,97,js,b1a849cc,JaydenBLi,2026-04-25,22:54:57,-07:00,2026-04-25T22:54:57-07:00,1,0
global.js,98,js,b1a849cc,JaydenBLi,2026-04-25,22:54:57,-07:00,2026-04-25T22:54:57-07:00,0,0
global.js,99,js,b1a849cc,JaydenBLi,2026-04-25,22:54:57,-07:00,2026-04-25T22:54:57-07:00,0,0
global.js,100,js,b1a849cc,JaydenBLi,2026-04-25,22:54:57,-07:00,2026-04-25T22:54:57-07:00,0,47
global.js,101,js,b1a849cc,JaydenBLi,2026-04-25,22:54:57,-07:00,2026-04-25T22:54:57-07:00,1,59
global.js,102,js,b1a849cc,JaydenBLi,2026-04-25,22:54:57,-07:00,2026-04-25T22:54:57-07:00,0,0
resume\index.html,1,html,80566282,JaydenBLi,2026-04-02,12:59:01,-07:00,2026-04-02T12:59:01-07:00,0,13
resume\index.html,2,html,80566282,JaydenBLi,2026-04-02,12:59:01,-07:00,2026-04-02T12:59:01-07:00,0,14
resume\index.html,3,html,80566282,JaydenBLi,2026-04-02,12:59:01,-07:00,2026-04-02T12:59:01-07:00,0,4
resume\index.html,4,html,80566282,JaydenBLi,2026-04-02,12:59:01,-07:00,2026-04-02T12:59:01-07:00,2,20
resume\index.html,5,html,80566282,JaydenBLi,2026-04-02,12:59:01,-07:00,2026-04-02T12:59:01-07:00,2,68
resume\index.html,6,html,80566282,JaydenBLi,2026-04-02,12:59:01,-07:00,2026-04-02T12:59:01-07:00,2,19
resume\index.html,7,html,d3c23781,JaydenBLi,2026-04-10,23:48:23,-07:00,2026-04-10T23:48:23-07:00,2,41
resume\index.html,8,html,79b50346,JaydenBLi,2026-04-16,15:32:42,-07:00,2026-04-16T15:32:42-07:00,2,48
resume\index.html,9,html,80566282,JaydenBLi,2026-04-02,12:59:01,-07:00,2026-04-02T12:59:01-07:00,0,5
resume\index.html,10,html,80566282,JaydenBLi,2026-04-02,12:59:01,-07:00,2026-04-02T12:59:01-07:00,0,4
resume\index.html,11,html,79b50346,JaydenBLi,2026-04-16,15:32:42,-07:00,2026-04-16T15:32:42-07:00,2,8
resume\index.html,12,html,d3c23781,JaydenBLi,2026-04-10,23:48:23,-07:00,2026-04-10T23:48:23-07:00,4,2
resume\index.html,13,html,d3c23781,JaydenBLi,2026-04-10,23:48:23,-07:00,2026-04-10T23:48:23-07:00,6,39
resume\index.html,14,html,d3c23781,JaydenBLi,2026-04-10,23:48:23,-07:00,2026-04-10T23:48:23-07:00,6,50
resume\index.html,15,html,d3c23781,JaydenBLi,2026-04-10,23:48:23,-07:00,2026-04-10T23:48:23-07:00,6,52
resume\index.html,16,html,d3c23781,JaydenBLi,2026-04-10,23:48:23,-07:00,2026-04-10T23:48:23-07:00,6,72
resume\index.html,17,html,79b50346,JaydenBLi,2026-04-16,15:32:42,-07:00,2026-04-16T15:32:42-07:00,6,38
resume\index.html,18,html,d3c23781,JaydenBLi,2026-04-10,23:48:23,-07:00,2026-04-10T23:48:23-07:00,4,3
resume\index.html,19,html,79b50346,JaydenBLi,2026-04-16,15:32:42,-07:00,2026-04-16T15:32:42-07:00,2,8
resume\index.html,20,html,80566282,JaydenBLi,2026-04-02,12:59:01,-07:00,2026-04-02T12:59:01-07:00,2,13
resume\index.html,21,html,80566282,JaydenBLi,2026-04-02,12:59:01,-07:00,2026-04-02T12:59:01-07:00,2,16
resume\index.html,22,html,80566282,JaydenBLi,2026-04-02,12:59:01,-07:00,2026-04-02T12:59:01-07:00,2,7
resume\index.html,23,html,80566282,JaydenBLi,2026-04-02,12:59:01,-07:00,2026-04-02T12:59:01-07:00,4,23
resume\index.html,24,html,80566282,JaydenBLi,2026-04-02,12:59:01,-07:00,2026-04-02T12:59:01-07:00,4,47
resume\index.html,25,html,80566282,JaydenBLi,2026-04-02,12:59:01,-07:00,2026-04-02T12:59:01-07:00,4,69
resume\index.html,26,html,80566282,JaydenBLi,2026-04-02,12:59:01,-07:00,2026-04-02T12:59:01-07:00,4,30
resume\index.html,27,html,80566282,JaydenBLi,2026-04-02,12:59:01,-07:00,2026-04-02T12:59:01-07:00,4,19
resume\index.html,28,html,80566282,JaydenBLi,2026-04-02,12:59:01,-07:00,2026-04-02T12:59:01-07:00,4,25
resume\index.html,29,html,80566282,JaydenBLi,2026-04-02,12:59:01,-07:00,2026-04-02T12:59:01-07:00,4,338
resume\index.html,30,html,80566282,JaydenBLi,2026-04-02,12:59:01,-07:00,2026-04-02T12:59:01-07:00,2,8
resume\index.html,31,html,80566282,JaydenBLi,2026-04-02,12:59:01,-07:00,2026-04-02T12:59:01-07:00,2,7
resume\index.html,32,html,80566282,JaydenBLi,2026-04-02,12:59:01,-07:00,2026-04-02T12:59:01-07:00,4,22
resume\index.html,33,html,80566282,JaydenBLi,2026-04-02,12:59:01,-07:00,2026-04-02T12:59:01-07:00,4,7
resume\index.html,34,html,80566282,JaydenBLi,2026-04-02,12:59:01,-07:00,2026-04-02T12:59:01-07:00,6,22
resume\index.html,35,html,80566282,JaydenBLi,2026-04-02,12:59:01,-07:00,2026-04-02T12:59:01-07:00,6,2
resume\index.html,36,html,80566282,JaydenBLi,2026-04-02,12:59:01,-07:00,2026-04-02T12:59:01-07:00,8,160
resume\index.html,37,html,80566282,JaydenBLi,2026-04-02,12:59:01,-07:00,2026-04-02T12:59:01-07:00,8,145
resume\index.html,38,html,80566282,JaydenBLi,2026-04-02,12:59:01,-07:00,2026-04-02T12:59:01-07:00,8,59
resume\index.html,39,html,80566282,JaydenBLi,2026-04-02,12:59:01,-07:00,2026-04-02T12:59:01-07:00,6,3
resume\index.html,40,html,80566282,JaydenBLi,2026-04-02,12:59:01,-07:00,2026-04-02T12:59:01-07:00,4,8
resume\index.html,41,html,80566282,JaydenBLi,2026-04-02,12:59:01,-07:00,2026-04-02T12:59:01-07:00,4,7
resume\index.html,42,html,80566282,JaydenBLi,2026-04-02,12:59:01,-07:00,2026-04-02T12:59:01-07:00,6,33
resume\index.html,43,html,80566282,JaydenBLi,2026-04-02,12:59:01,-07:00,2026-04-02T12:59:01-07:00,6,2
resume\index.html,44,html,80566282,JaydenBLi,2026-04-02,12:59:01,-07:00,2026-04-02T12:59:01-07:00,8,163
resume\index.html,45,html,80566282,JaydenBLi,2026-04-02,12:59:01,-07:00,2026-04-02T12:59:01-07:00,8,206
resume\index.html,46,html,80566282,JaydenBLi,2026-04-02,12:59:01,-07:00,2026-04-02T12:59:01-07:00,8,67
resume\index.html,47,html,80566282,JaydenBLi,2026-04-02,12:59:01,-07:00,2026-04-02T12:59:01-07:00,8,75
resume\index.html,48,html,80566282,JaydenBLi,2026-04-02,12:59:01,-07:00,2026-04-02T12:59:01-07:00,6,3
resume\index.html,49,html,80566282,JaydenBLi,2026-04-02,12:59:01,-07:00,2026-04-02T12:59:01-07:00,4,8
resume\index.html,50,html,80566282,JaydenBLi,2026-04-02,12:59:01,-07:00,2026-04-02T12:59:01-07:00,4,7
resume\index.html,51,html,80566282,JaydenBLi,2026-04-02,12:59:01,-07:00,2026-04-02T12:59:01-07:00,6,41
resume\index.html,52,html,80566282,JaydenBLi,2026-04-02,12:59:01,-07:00,2026-04-02T12:59:01-07:00,6,2
resume\index.html,53,html,80566282,JaydenBLi,2026-04-02,12:59:01,-07:00,2026-04-02T12:59:01-07:00,8,204
resume\index.html,54,html,80566282,JaydenBLi,2026-04-02,12:59:01,-07:00,2026-04-02T12:59:01-07:00,8,218
resume\index.html,55,html,80566282,JaydenBLi,2026-04-02,12:59:01,-07:00,2026-04-02T12:59:01-07:00,8,207
resume\index.html,56,html,80566282,JaydenBLi,2026-04-02,12:59:01,-07:00,2026-04-02T12:59:01-07:00,8,107
resume\index.html,57,html,80566282,JaydenBLi,2026-04-02,12:59:01,-07:00,2026-04-02T12:59:01-07:00,6,3
resume\index.html,58,html,80566282,JaydenBLi,2026-04-02,12:59:01,-07:00,2026-04-02T12:59:01-07:00,4,8
resume\index.html,59,html,80566282,JaydenBLi,2026-04-02,12:59:01,-07:00,2026-04-02T12:59:01-07:00,2,8
resume\index.html,60,html,80566282,JaydenBLi,2026-04-02,12:59:01,-07:00,2026-04-02T12:59:01-07:00,2,7
resume\index.html,61,html,80566282,JaydenBLi,2026-04-02,12:59:01,-07:00,2026-04-02T12:59:01-07:00,4,25
resume\index.html,62,html,80566282,JaydenBLi,2026-04-02,12:59:01,-07:00,2026-04-02T12:59:01-07:00,4,7
resume\index.html,63,html,80566282,JaydenBLi,2026-04-02,12:59:01,-07:00,2026-04-02T12:59:01-07:00,6,35
resume\index.html,64,html,80566282,JaydenBLi,2026-04-02,12:59:01,-07:00,2026-04-02T12:59:01-07:00,6,59
resume\index.html,65,html,80566282,JaydenBLi,2026-04-02,12:59:01,-07:00,2026-04-02T12:59:01-07:00,6,2
resume\index.html,66,html,80566282,JaydenBLi,2026-04-02,12:59:01,-07:00,2026-04-02T12:59:01-07:00,8,78
resume\index.html,67,html,80566282,JaydenBLi,2026-04-02,12:59:01,-07:00,2026-04-02T12:59:01-07:00,8,100
resume\index.html,68,html,80566282,JaydenBLi,2026-04-02,12:59:01,-07:00,2026-04-02T12:59:01-07:00,6,3
resume\index.html,69,html,80566282,JaydenBLi,2026-04-02,12:59:01,-07:00,2026-04-02T12:59:01-07:00,6,38
resume\index.html,70,html,80566282,JaydenBLi,2026-04-02,12:59:01,-07:00,2026-04-02T12:59:01-07:00,6,93
resume\index.html,71,html,80566282,JaydenBLi,2026-04-02,12:59:01,-07:00,2026-04-02T12:59:01-07:00,6,2
resume\index.html,72,html,21b53e6c,JaydenBLi,2026-04-10,12:27:33,-07:00,2026-04-10T12:27:33-07:00,8,89
resume\index.html,73,html,80566282,JaydenBLi,2026-04-02,12:59:01,-07:00,2026-04-02T12:59:01-07:00,6,3
resume\index.html,74,html,80566282,JaydenBLi,2026-04-02,12:59:01,-07:00,2026-04-02T12:59:01-07:00,4,8
resume\index.html,75,html,80566282,JaydenBLi,2026-04-02,12:59:01,-07:00,2026-04-02T12:59:01-07:00,2,8
resume\index.html,76,html,80566282,JaydenBLi,2026-04-02,12:59:01,-07:00,2026-04-02T12:59:01-07:00,2,7
resume\index.html,77,html,80566282,JaydenBLi,2026-04-02,12:59:01,-07:00,2026-04-02T12:59:01-07:00,4,20
resume\index.html,78,html,80566282,JaydenBLi,2026-04-02,12:59:01,-07:00,2026-04-02T12:59:01-07:00,4,2
resume\index.html,79,html,80566282,JaydenBLi,2026-04-02,12:59:01,-07:00,2026-04-02T12:59:01-07:00,6,80
resume\index.html,80,html,80566282,JaydenBLi,2026-04-02,12:59:01,-07:00,2026-04-02T12:59:01-07:00,6,57
resume\index.html,81,html,80566282,JaydenBLi,2026-04-02,12:59:01,-07:00,2026-04-02T12:59:01-07:00,6,134
resume\index.html,82,html,80566282,JaydenBLi,2026-04-02,12:59:01,-07:00,2026-04-02T12:59:01-07:00,4,3
resume\index.html,83,html,80566282,JaydenBLi,2026-04-02,12:59:01,-07:00,2026-04-02T12:59:01-07:00,2,8
resume\index.html,84,html,80566282,JaydenBLi,2026-04-02,12:59:01,-07:00,2026-04-02T12:59:01-07:00,0,5
resume\index.html,85,html,80566282,JaydenBLi,2026-04-02,12:59:01,-07:00,2026-04-02T12:59:01-07:00,0,5
projects\projects.js,1,js,b1a849cc,JaydenBLi,2026-04-25,22:54:57,-07:00,2026-04-25T22:54:57-07:00,0,55
projects\projects.js,2,js,878e3af1,JaydenBLi,2026-05-01,23:40:44,-07:00,2026-05-01T23:40:44-07:00,0,63
projects\projects.js,3,js,878e3af1,JaydenBLi,2026-05-01,23:40:44,-07:00,2026-05-01T23:40:44-07:00,0,0
projects\projects.js,4,js,b1a849cc,JaydenBLi,2026-04-25,22:54:57,-07:00,2026-04-25T22:54:57-07:00,0,55
projects\projects.js,5,js,b1a849cc,JaydenBLi,2026-04-25,22:54:57,-07:00,2026-04-25T22:54:57-07:00,0,62
projects\projects.js,6,js,b1a849cc,JaydenBLi,2026-04-25,22:54:57,-07:00,2026-04-25T22:54:57-07:00,0,56
projects\projects.js,7,js,b1a849cc,JaydenBLi,2026-04-25,22:54:57,-07:00,2026-04-25T22:54:57-07:00,0,60
projects\projects.js,8,js,878e3af1,JaydenBLi,2026-05-01,23:40:44,-07:00,2026-05-01T23:40:44-07:00,0,21
projects\projects.js,9,js,878e3af1,JaydenBLi,2026-05-01,23:40:44,-07:00,2026-05-01T23:40:44-07:00,0,48
projects\projects.js,10,js,878e3af1,JaydenBLi,2026-05-01,23:40:44,-07:00,2026-05-01T23:40:44-07:00,0,38
projects\projects.js,11,js,878e3af1,JaydenBLi,2026-05-01,23:40:44,-07:00,2026-05-01T23:40:44-07:00,1,26
projects\projects.js,12,js,878e3af1,JaydenBLi,2026-05-01,23:40:44,-07:00,2026-05-01T23:40:44-07:00,2,12
projects\projects.js,13,js,878e3af1,JaydenBLi,2026-05-01,23:40:44,-07:00,2026-05-01T23:40:44-07:00,2,14
projects\projects.js,14,js,878e3af1,JaydenBLi,2026-05-01,23:40:44,-07:00,2026-05-01T23:40:44-07:00,2,11
projects\projects.js,15,js,878e3af1,JaydenBLi,2026-05-01,23:40:44,-07:00,2026-05-01T23:40:44-07:00,1,0
projects\projects.js,16,js,878e3af1,JaydenBLi,2026-05-01,23:40:44,-07:00,2026-05-01T23:40:44-07:00,0,0
projects\projects.js,17,js,878e3af1,JaydenBLi,2026-05-01,23:40:44,-07:00,2026-05-01T23:40:44-07:00,1,44
projects\projects.js,18,js,878e3af1,JaydenBLi,2026-05-01,23:40:44,-07:00,2026-05-01T23:40:44-07:00,2,35
projects\projects.js,19,js,878e3af1,JaydenBLi,2026-05-01,23:40:44,-07:00,2026-05-01T23:40:44-07:00,1,1
projects\projects.js,20,js,878e3af1,JaydenBLi,2026-05-01,23:40:44,-07:00,2026-05-01T23:40:44-07:00,0,0
projects\projects.js,21,js,878e3af1,JaydenBLi,2026-05-01,23:40:44,-07:00,2026-05-01T23:40:44-07:00,1,25
projects\projects.js,22,js,878e3af1,JaydenBLi,2026-05-01,23:40:44,-07:00,2026-05-01T23:40:44-07:00,2,13
projects\projects.js,23,js,878e3af1,JaydenBLi,2026-05-01,23:40:44,-07:00,2026-05-01T23:40:44-07:00,2,15
projects\projects.js,24,js,878e3af1,JaydenBLi,2026-05-01,23:40:44,-07:00,2026-05-01T23:40:44-07:00,0,0
projects\projects.js,25,js,878e3af1,JaydenBLi,2026-05-01,23:40:44,-07:00,2026-05-01T23:40:44-07:00,1,27
projects\projects.js,26,js,878e3af1,JaydenBLi,2026-05-01,23:40:44,-07:00,2026-05-01T23:40:44-07:00,2,20
projects\projects.js,27,js,878e3af1,JaydenBLi,2026-05-01,23:40:44,-07:00,2026-05-01T23:40:44-07:00,2,10
projects\projects.js,28,js,878e3af1,JaydenBLi,2026-05-01,23:40:44,-07:00,2026-05-01T23:40:44-07:00,0,0
projects\projects.js,29,js,878e3af1,JaydenBLi,2026-05-01,23:40:44,-07:00,2026-05-01T23:40:44-07:00,1,33
projects\projects.js,30,js,878e3af1,JaydenBLi,2026-05-01,23:40:44,-07:00,2026-05-01T23:40:44-07:00,1,45
projects\projects.js,31,js,878e3af1,JaydenBLi,2026-05-01,23:40:44,-07:00,2026-05-01T23:40:44-07:00,0,0
projects\projects.js,32,js,878e3af1,JaydenBLi,2026-05-01,23:40:44,-07:00,2026-05-01T23:40:44-07:00,1,47
projects\projects.js,33,js,878e3af1,JaydenBLi,2026-05-01,23:40:44,-07:00,2026-05-01T23:40:44-07:00,0,0
projects\projects.js,34,js,878e3af1,JaydenBLi,2026-05-01,23:40:44,-07:00,2026-05-01T23:40:44-07:00,1,40
projects\projects.js,35,js,878e3af1,JaydenBLi,2026-05-01,23:40:44,-07:00,2026-05-01T23:40:44-07:00,1,29
projects\projects.js,36,js,878e3af1,JaydenBLi,2026-05-01,23:40:44,-07:00,2026-05-01T23:40:44-07:00,0,0
projects\projects.js,37,js,878e3af1,JaydenBLi,2026-05-01,23:40:44,-07:00,2026-05-01T23:40:44-07:00,1,32
projects\projects.js,38,js,878e3af1,JaydenBLi,2026-05-01,23:40:44,-07:00,2026-05-01T23:40:44-07:00,1,30
projects\projects.js,39,js,878e3af1,JaydenBLi,2026-05-01,23:40:44,-07:00,2026-05-01T23:40:44-07:00,0,0
projects\projects.js,40,js,878e3af1,JaydenBLi,2026-05-01,23:40:44,-07:00,2026-05-01T23:40:44-07:00,1,26
projects\projects.js,41,js,878e3af1,JaydenBLi,2026-05-01,23:40:44,-07:00,2026-05-01T23:40:44-07:00,1,1
projects\projects.js,42,js,878e3af1,JaydenBLi,2026-05-01,23:40:44,-07:00,2026-05-01T23:40:44-07:00,2,13
projects\projects.js,43,js,878e3af1,JaydenBLi,2026-05-01,23:40:44,-07:00,2026-05-01T23:40:44-07:00,2,13
projects\projects.js,44,js,878e3af1,JaydenBLi,2026-05-01,23:40:44,-07:00,2026-05-01T23:40:44-07:00,2,24
projects\projects.js,45,js,878e3af1,JaydenBLi,2026-05-01,23:40:44,-07:00,2026-05-01T23:40:44-07:00,2,53
projects\projects.js,46,js,878e3af1,JaydenBLi,2026-05-01,23:40:44,-07:00,2026-05-01T23:40:44-07:00,2,18
projects\projects.js,47,js,878e3af1,JaydenBLi,2026-05-01,23:40:44,-07:00,2026-05-01T23:40:44-07:00,3,47
projects\projects.js,48,js,878e3af1,JaydenBLi,2026-05-01,23:40:44,-07:00,2026-05-01T23:40:44-07:00,0,0
projects\projects.js,49,js,878e3af1,JaydenBLi,2026-05-01,23:40:44,-07:00,2026-05-01T23:40:44-07:00,3,25
projects\projects.js,50,js,878e3af1,JaydenBLi,2026-05-01,23:40:44,-07:00,2026-05-01T23:40:44-07:00,4,48
projects\projects.js,51,js,878e3af1,JaydenBLi,2026-05-01,23:40:44,-07:00,2026-05-01T23:40:44-07:00,3,6
projects\projects.js,52,js,878e3af1,JaydenBLi,2026-05-01,23:40:44,-07:00,2026-05-01T23:40:44-07:00,4,43
projects\projects.js,53,js,878e3af1,JaydenBLi,2026-05-01,23:40:44,-07:00,2026-05-01T23:40:44-07:00,0,0
projects\projects.js,54,js,878e3af1,JaydenBLi,2026-05-01,23:40:44,-07:00,2026-05-01T23:40:44-07:00,4,51
projects\projects.js,55,js,878e3af1,JaydenBLi,2026-05-01,23:40:44,-07:00,2026-05-01T23:40:44-07:00,5,35
projects\projects.js,56,js,878e3af1,JaydenBLi,2026-05-01,23:40:44,-07:00,2026-05-01T23:40:44-07:00,4,1
projects\projects.js,57,js,878e3af1,JaydenBLi,2026-05-01,23:40:44,-07:00,2026-05-01T23:40:44-07:00,0,0
projects\projects.js,58,js,878e3af1,JaydenBLi,2026-05-01,23:40:44,-07:00,2026-05-01T23:40:44-07:00,4,56
projects\projects.js,59,js,878e3af1,JaydenBLi,2026-05-01,23:40:44,-07:00,2026-05-01T23:40:44-07:00,3,0
projects\projects.js,60,js,878e3af1,JaydenBLi,2026-05-01,23:40:44,-07:00,2026-05-01T23:40:44-07:00,0,0
projects\projects.js,61,js,878e3af1,JaydenBLi,2026-05-01,23:40:44,-07:00,2026-05-01T23:40:44-07:00,3,23
projects\projects.js,62,js,878e3af1,JaydenBLi,2026-05-01,23:40:44,-07:00,2026-05-01T23:40:44-07:00,2,1
projects\projects.js,63,js,878e3af1,JaydenBLi,2026-05-01,23:40:44,-07:00,2026-05-01T23:40:44-07:00,1,1
projects\projects.js,64,js,878e3af1,JaydenBLi,2026-05-01,23:40:44,-07:00,2026-05-01T23:40:44-07:00,0,0
projects\projects.js,65,js,878e3af1,JaydenBLi,2026-05-01,23:40:44,-07:00,2026-05-01T23:40:44-07:00,1,24
projects\projects.js,66,js,878e3af1,JaydenBLi,2026-05-01,23:40:44,-07:00,2026-05-01T23:40:44-07:00,1,4
projects\projects.js,67,js,878e3af1,JaydenBLi,2026-05-01,23:40:44,-07:00,2026-05-01T23:40:44-07:00,2,11
projects\projects.js,68,js,878e3af1,JaydenBLi,2026-05-01,23:40:44,-07:00,2026-05-01T23:40:44-07:00,2,38
projects\projects.js,69,js,878e3af1,JaydenBLi,2026-05-01,23:40:44,-07:00,2026-05-01T23:40:44-07:00,2,53
projects\projects.js,70,js,878e3af1,JaydenBLi,2026-05-01,23:40:44,-07:00,2026-05-01T23:40:44-07:00,2,69
projects\projects.js,71,js,878e3af1,JaydenBLi,2026-05-01,23:40:44,-07:00,2026-05-01T23:40:44-07:00,1,1
projects\projects.js,72,js,878e3af1,JaydenBLi,2026-05-01,23:40:44,-07:00,2026-05-01T23:40:44-07:00,0,0
projects\projects.js,73,js,878e3af1,JaydenBLi,2026-05-01,23:40:44,-07:00,2026-05-01T23:40:44-07:00,0,23
projects\projects.js,74,js,878e3af1,JaydenBLi,2026-05-01,23:40:44,-07:00,2026-05-01T23:40:44-07:00,0,0
projects\projects.js,75,js,878e3af1,JaydenBLi,2026-05-01,23:40:44,-07:00,2026-05-01T23:40:44-07:00,0,13
projects\projects.js,76,js,878e3af1,JaydenBLi,2026-05-01,23:40:44,-07:00,2026-05-01T23:40:44-07:00,0,53
projects\projects.js,77,js,878e3af1,JaydenBLi,2026-05-01,23:40:44,-07:00,2026-05-01T23:40:44-07:00,0,48
projects\projects.js,78,js,878e3af1,JaydenBLi,2026-05-01,23:40:44,-07:00,2026-05-01T23:40:44-07:00,1,19
projects\projects.js,79,js,878e3af1,JaydenBLi,2026-05-01,23:40:44,-07:00,2026-05-01T23:40:44-07:00,1,25
projects\projects.js,80,js,878e3af1,JaydenBLi,2026-05-01,23:40:44,-07:00,2026-05-01T23:40:44-07:00,1,16
projects\projects.js,81,js,878e3af1,JaydenBLi,2026-05-01,23:40:44,-07:00,2026-05-01T23:40:44-07:00,1,51
projects\projects.js,82,js,878e3af1,JaydenBLi,2026-05-01,23:40:44,-07:00,2026-05-01T23:40:44-07:00,2,59
projects\projects.js,83,js,878e3af1,JaydenBLi,2026-05-01,23:40:44,-07:00,2026-05-01T23:40:44-07:00,2,42
projects\projects.js,84,js,878e3af1,JaydenBLi,2026-05-01,23:40:44,-07:00,2026-05-01T23:40:44-07:00,1,1
projects\projects.js,85,js,878e3af1,JaydenBLi,2026-05-01,23:40:44,-07:00,2026-05-01T23:40:44-07:00,1,25
projects\projects.js,86,js,878e3af1,JaydenBLi,2026-05-01,23:40:44,-07:00,2026-05-01T23:40:44-07:00,1,56
projects\projects.js,87,js,878e3af1,JaydenBLi,2026-05-01,23:40:44,-07:00,2026-05-01T23:40:44-07:00,1,31
projects\projects.js,88,js,878e3af1,JaydenBLi,2026-05-01,23:40:44,-07:00,2026-05-01T23:40:44-07:00,0,1
projects\index.html,1,html,c0a660a0,JaydenBLi,2026-04-01,16:59:39,-07:00,2026-04-01T16:59:39-07:00,0,13
projects\index.html,2,html,c0a660a0,JaydenBLi,2026-04-01,16:59:39,-07:00,2026-04-01T16:59:39-07:00,0,14
projects\index.html,3,html,c0a660a0,JaydenBLi,2026-04-01,16:59:39,-07:00,2026-04-01T16:59:39-07:00,0,4
projects\index.html,4,html,c0a660a0,JaydenBLi,2026-04-01,16:59:39,-07:00,2026-04-01T16:59:39-07:00,2,20
projects\index.html,5,html,c0a660a0,JaydenBLi,2026-04-01,16:59:39,-07:00,2026-04-01T16:59:39-07:00,2,68
projects\index.html,6,html,c0a660a0,JaydenBLi,2026-04-01,16:59:39,-07:00,2026-04-01T16:59:39-07:00,2,21
projects\index.html,7,html,d3c23781,JaydenBLi,2026-04-10,23:48:23,-07:00,2026-04-10T23:48:23-07:00,2,41
projects\index.html,8,html,79b50346,JaydenBLi,2026-04-16,15:32:42,-07:00,2026-04-16T15:32:42-07:00,2,48
projects\index.html,9,html,c0a660a0,JaydenBLi,2026-04-01,16:59:39,-07:00,2026-04-01T16:59:39-07:00,0,5
projects\index.html,10,html,c0a660a0,JaydenBLi,2026-04-01,16:59:39,-07:00,2026-04-01T16:59:39-07:00,0,4
projects\index.html,11,html,79b50346,JaydenBLi,2026-04-16,15:32:42,-07:00,2026-04-16T15:32:42-07:00,2,8
projects\index.html,12,html,80566282,JaydenBLi,2026-04-02,12:59:01,-07:00,2026-04-02T12:59:01-07:00,4,2
projects\index.html,13,html,80566282,JaydenBLi,2026-04-02,12:59:01,-07:00,2026-04-02T12:59:01-07:00,6,39
projects\index.html,14,html,80566282,JaydenBLi,2026-04-02,12:59:01,-07:00,2026-04-02T12:59:01-07:00,6,50
projects\index.html,15,html,79b50346,JaydenBLi,2026-04-16,15:32:42,-07:00,2026-04-16T15:32:42-07:00,6,40
projects\index.html,16,html,80566282,JaydenBLi,2026-04-02,12:59:01,-07:00,2026-04-02T12:59:01-07:00,6,72
projects\index.html,17,html,80566282,JaydenBLi,2026-04-02,12:59:01,-07:00,2026-04-02T12:59:01-07:00,6,48
projects\index.html,18,html,80566282,JaydenBLi,2026-04-02,12:59:01,-07:00,2026-04-02T12:59:01-07:00,4,3
projects\index.html,19,html,79b50346,JaydenBLi,2026-04-16,15:32:42,-07:00,2026-04-16T15:32:42-07:00,2,8
projects\index.html,20,html,b1a849cc,JaydenBLi,2026-04-25,22:54:57,-07:00,2026-04-25T22:54:57-07:00,2,38
projects\index.html,21,html,b1a849cc,JaydenBLi,2026-04-25,22:54:57,-07:00,2026-04-25T22:54:57-07:00,2,2
projects\index.html,22,html,d3c23781,JaydenBLi,2026-04-10,23:48:23,-07:00,2026-04-10T23:48:23-07:00,2,20
projects\index.html,23,html,d3c23781,JaydenBLi,2026-04-10,23:48:23,-07:00,2026-04-10T23:48:23-07:00,4,7
projects\index.html,24,html,d3c23781,JaydenBLi,2026-04-10,23:48:23,-07:00,2026-04-10T23:48:23-07:00,6,29
projects\index.html,25,html,d3c23781,JaydenBLi,2026-04-10,23:48:23,-07:00,2026-04-10T23:48:23-07:00,6,70
projects\index.html,26,html,d3c23781,JaydenBLi,2026-04-10,23:48:23,-07:00,2026-04-10T23:48:23-07:00,6,233
projects\index.html,27,html,d3c23781,JaydenBLi,2026-04-10,23:48:23,-07:00,2026-04-10T23:48:23-07:00,4,8
projects\index.html,28,html,d3c23781,JaydenBLi,2026-04-10,23:48:23,-07:00,2026-04-10T23:48:23-07:00,4,7
projects\index.html,29,html,d3c23781,JaydenBLi,2026-04-10,23:48:23,-07:00,2026-04-10T23:48:23-07:00,6,32
projects\index.html,30,html,d3c23781,JaydenBLi,2026-04-10,23:48:23,-07:00,2026-04-10T23:48:23-07:00,6,70
projects\index.html,31,html,d3c23781,JaydenBLi,2026-04-10,23:48:23,-07:00,2026-04-10T23:48:23-07:00,6,225
projects\index.html,32,html,d3c23781,JaydenBLi,2026-04-10,23:48:23,-07:00,2026-04-10T23:48:23-07:00,4,8
projects\index.html,33,html,d3c23781,JaydenBLi,2026-04-10,23:48:23,-07:00,2026-04-10T23:48:23-07:00,4,7
projects\index.html,34,html,d3c23781,JaydenBLi,2026-04-10,23:48:23,-07:00,2026-04-10T23:48:23-07:00,6,48
projects\index.html,35,html,d3c23781,JaydenBLi,2026-04-10,23:48:23,-07:00,2026-04-10T23:48:23-07:00,6,70
projects\index.html,36,html,d3c23781,JaydenBLi,2026-04-10,23:48:23,-07:00,2026-04-10T23:48:23-07:00,6,216
projects\index.html,37,html,d3c23781,JaydenBLi,2026-04-10,23:48:23,-07:00,2026-04-10T23:48:23-07:00,4,8
projects\index.html,38,html,d3c23781,JaydenBLi,2026-04-10,23:48:23,-07:00,2026-04-10T23:48:23-07:00,4,7
projects\index.html,39,html,d3c23781,JaydenBLi,2026-04-10,23:48:23,-07:00,2026-04-10T23:48:23-07:00,6,42
projects\index.html,40,html,d3c23781,JaydenBLi,2026-04-10,23:48:23,-07:00,2026-04-10T23:48:23-07:00,6,70
projects\index.html,41,html,d3c23781,JaydenBLi,2026-04-10,23:48:23,-07:00,2026-04-10T23:48:23-07:00,6,257
projects\index.html,42,html,d3c23781,JaydenBLi,2026-04-10,23:48:23,-07:00,2026-04-10T23:48:23-07:00,4,8
projects\index.html,43,html,d3c23781,JaydenBLi,2026-04-10,23:48:23,-07:00,2026-04-10T23:48:23-07:00,4,7
projects\index.html,44,html,d3c23781,JaydenBLi,2026-04-10,23:48:23,-07:00,2026-04-10T23:48:23-07:00,6,37
projects\index.html,45,html,d3c23781,JaydenBLi,2026-04-10,23:48:23,-07:00,2026-04-10T23:48:23-07:00,6,70
projects\index.html,46,html,d3c23781,JaydenBLi,2026-04-10,23:48:23,-07:00,2026-04-10T23:48:23-07:00,6,252
projects\index.html,47,html,d3c23781,JaydenBLi,2026-04-10,23:48:23,-07:00,2026-04-10T23:48:23-07:00,4,8
projects\index.html,48,html,d3c23781,JaydenBLi,2026-04-10,23:48:23,-07:00,2026-04-10T23:48:23-07:00,4,7
projects\index.html,49,html,d3c23781,JaydenBLi,2026-04-10,23:48:23,-07:00,2026-04-10T23:48:23-07:00,6,45
projects\index.html,50,html,d3c23781,JaydenBLi,2026-04-10,23:48:23,-07:00,2026-04-10T23:48:23-07:00,6,70
projects\index.html,51,html,d3c23781,JaydenBLi,2026-04-10,23:48:23,-07:00,2026-04-10T23:48:23-07:00,6,208
projects\index.html,52,html,d3c23781,JaydenBLi,2026-04-10,23:48:23,-07:00,2026-04-10T23:48:23-07:00,4,8
projects\index.html,53,html,d3c23781,JaydenBLi,2026-04-10,23:48:23,-07:00,2026-04-10T23:48:23-07:00,4,7
projects\index.html,54,html,d3c23781,JaydenBLi,2026-04-10,23:48:23,-07:00,2026-04-10T23:48:23-07:00,6,32
projects\index.html,55,html,d3c23781,JaydenBLi,2026-04-10,23:48:23,-07:00,2026-04-10T23:48:23-07:00,6,70
projects\index.html,56,html,d3c23781,JaydenBLi,2026-04-10,23:48:23,-07:00,2026-04-10T23:48:23-07:00,6,260
projects\index.html,57,html,d3c23781,JaydenBLi,2026-04-10,23:48:23,-07:00,2026-04-10T23:48:23-07:00,4,8
projects\index.html,58,html,d3c23781,JaydenBLi,2026-04-10,23:48:23,-07:00,2026-04-10T23:48:23-07:00,4,7
projects\index.html,59,html,d3c23781,JaydenBLi,2026-04-10,23:48:23,-07:00,2026-04-10T23:48:23-07:00,6,41
projects\index.html,60,html,d3c23781,JaydenBLi,2026-04-10,23:48:23,-07:00,2026-04-10T23:48:23-07:00,6,70
projects\index.html,61,html,d3c23781,JaydenBLi,2026-04-10,23:48:23,-07:00,2026-04-10T23:48:23-07:00,6,214
projects\index.html,62,html,d3c23781,JaydenBLi,2026-04-10,23:48:23,-07:00,2026-04-10T23:48:23-07:00,4,8
projects\index.html,63,html,d3c23781,JaydenBLi,2026-04-10,23:48:23,-07:00,2026-04-10T23:48:23-07:00,4,7
projects\index.html,64,html,d3c23781,JaydenBLi,2026-04-10,23:48:23,-07:00,2026-04-10T23:48:23-07:00,6,36
projects\index.html,65,html,d3c23781,JaydenBLi,2026-04-10,23:48:23,-07:00,2026-04-10T23:48:23-07:00,6,70
projects\index.html,66,html,d3c23781,JaydenBLi,2026-04-10,23:48:23,-07:00,2026-04-10T23:48:23-07:00,6,227
projects\index.html,67,html,d3c23781,JaydenBLi,2026-04-10,23:48:23,-07:00,2026-04-10T23:48:23-07:00,4,8
projects\index.html,68,html,d3c23781,JaydenBLi,2026-04-10,23:48:23,-07:00,2026-04-10T23:48:23-07:00,4,7
projects\index.html,69,html,d3c23781,JaydenBLi,2026-04-10,23:48:23,-07:00,2026-04-10T23:48:23-07:00,6,36
projects\index.html,70,html,d3c23781,JaydenBLi,2026-04-10,23:48:23,-07:00,2026-04-10T23:48:23-07:00,6,70
projects\index.html,71,html,d3c23781,JaydenBLi,2026-04-10,23:48:23,-07:00,2026-04-10T23:48:23-07:00,6,231
projects\index.html,72,html,d3c23781,JaydenBLi,2026-04-10,23:48:23,-07:00,2026-04-10T23:48:23-07:00,4,8
projects\index.html,73,html,d3c23781,JaydenBLi,2026-04-10,23:48:23,-07:00,2026-04-10T23:48:23-07:00,4,7
projects\index.html,74,html,d3c23781,JaydenBLi,2026-04-10,23:48:23,-07:00,2026-04-10T23:48:23-07:00,6,38
projects\index.html,75,html,d3c23781,JaydenBLi,2026-04-10,23:48:23,-07:00,2026-04-10T23:48:23-07:00,6,70
projects\index.html,76,html,d3c23781,JaydenBLi,2026-04-10,23:48:23,-07:00,2026-04-10T23:48:23-07:00,6,236
projects\index.html,77,html,d3c23781,JaydenBLi,2026-04-10,23:48:23,-07:00,2026-04-10T23:48:23-07:00,4,8
projects\index.html,78,html,d3c23781,JaydenBLi,2026-04-10,23:48:23,-07:00,2026-04-10T23:48:23-07:00,4,7
projects\index.html,79,html,d3c23781,JaydenBLi,2026-04-10,23:48:23,-07:00,2026-04-10T23:48:23-07:00,6,39
projects\index.html,80,html,d3c23781,JaydenBLi,2026-04-10,23:48:23,-07:00,2026-04-10T23:48:23-07:00,6,70
projects\index.html,81,html,d3c23781,JaydenBLi,2026-04-10,23:48:23,-07:00,2026-04-10T23:48:23-07:00,6,224
projects\index.html,82,html,d3c23781,JaydenBLi,2026-04-10,23:48:23,-07:00,2026-04-10T23:48:23-07:00,4,8
projects\index.html,83,html,d3c23781,JaydenBLi,2026-04-10,23:48:23,-07:00,2026-04-10T23:48:23-07:00,2,4
projects\index.html,84,html,b1a849cc,JaydenBLi,2026-04-25,22:54:57,-07:00,2026-04-25T22:54:57-07:00,2,1
projects\index.html,85,html,878e3af1,JaydenBLi,2026-05-01,23:40:44,-07:00,2026-05-01T23:40:44-07:00,2,27
projects\index.html,86,html,878e3af1,JaydenBLi,2026-05-01,23:40:44,-07:00,2026-05-01T23:40:44-07:00,4,58
projects\index.html,87,html,878e3af1,JaydenBLi,2026-05-01,23:40:44,-07:00,2026-05-01T23:40:44-07:00,4,22
projects\index.html,88,html,878e3af1,JaydenBLi,2026-05-01,23:40:44,-07:00,2026-05-01T23:40:44-07:00,2,4
projects\index.html,89,html,878e3af1,JaydenBLi,2026-05-01,23:40:44,-07:00,2026-05-01T23:40:44-07:00,2,4
projects\index.html,90,html,878e3af1,JaydenBLi,2026-05-01,23:40:44,-07:00,2026-05-01T23:40:44-07:00,4,15
projects\index.html,91,html,878e3af1,JaydenBLi,2026-05-01,23:40:44,-07:00,2026-05-01T23:40:44-07:00,4,11
projects\index.html,92,html,878e3af1,JaydenBLi,2026-05-01,23:40:44,-07:00,2026-05-01T23:40:44-07:00,4,26
projects\index.html,93,html,878e3af1,JaydenBLi,2026-05-01,23:40:44,-07:00,2026-05-01T23:40:44-07:00,4,31
projects\index.html,94,html,878e3af1,JaydenBLi,2026-05-01,23:40:44,-07:00,2026-05-01T23:40:44-07:00,2,0
projects\index.html,95,html,b1a849cc,JaydenBLi,2026-04-25,22:54:57,-07:00,2026-04-25T22:54:57-07:00,2,20
projects\index.html,96,html,b1a849cc,JaydenBLi,2026-04-25,22:54:57,-07:00,2026-04-25T22:54:57-07:00,4,48
projects\index.html,97,html,878e3af1,JaydenBLi,2026-05-01,23:40:44,-07:00,2026-05-01T23:40:44-07:00,4,0
projects\index.html,98,html,b1a849cc,JaydenBLi,2026-04-25,22:54:57,-07:00,2026-04-25T22:54:57-07:00,4,47
projects\index.html,99,html,b1a849cc,JaydenBLi,2026-04-25,22:54:57,-07:00,2026-04-25T22:54:57-07:00,2,4
projects\index.html,100,html,c0a660a0,JaydenBLi,2026-04-01,16:59:39,-07:00,2026-04-01T16:59:39-07:00,0,5
projects\index.html,101,html,c0a660a0,JaydenBLi,2026-04-01,16:59:39,-07:00,2026-04-01T16:59:39-07:00,0,5
contact\index.html,1,html,c0a660a0,JaydenBLi,2026-04-01,16:59:39,-07:00,2026-04-01T16:59:39-07:00,0,13
contact\index.html,2,html,c0a660a0,JaydenBLi,2026-04-01,16:59:39,-07:00,2026-04-01T16:59:39-07:00,0,14
contact\index.html,3,html,c0a660a0,JaydenBLi,2026-04-01,16:59:39,-07:00,2026-04-01T16:59:39-07:00,0,4
contact\index.html,4,html,c0a660a0,JaydenBLi,2026-04-01,16:59:39,-07:00,2026-04-01T16:59:39-07:00,2,20
contact\index.html,5,html,c0a660a0,JaydenBLi,2026-04-01,16:59:39,-07:00,2026-04-01T16:59:39-07:00,2,68
contact\index.html,6,html,c0a660a0,JaydenBLi,2026-04-01,16:59:39,-07:00,2026-04-01T16:59:39-07:00,2,32
contact\index.html,7,html,d3c23781,JaydenBLi,2026-04-10,23:48:23,-07:00,2026-04-10T23:48:23-07:00,2,41
contact\index.html,8,html,79b50346,JaydenBLi,2026-04-16,15:32:42,-07:00,2026-04-16T15:32:42-07:00,2,48
contact\index.html,9,html,c0a660a0,JaydenBLi,2026-04-01,16:59:39,-07:00,2026-04-01T16:59:39-07:00,0,5
contact\index.html,10,html,c0a660a0,JaydenBLi,2026-04-01,16:59:39,-07:00,2026-04-01T16:59:39-07:00,0,4
contact\index.html,11,html,79b50346,JaydenBLi,2026-04-16,15:32:42,-07:00,2026-04-16T15:32:42-07:00,2,8
contact\index.html,12,html,c0a660a0,JaydenBLi,2026-04-01,16:59:39,-07:00,2026-04-01T16:59:39-07:00,4,2
contact\index.html,13,html,80566282,JaydenBLi,2026-04-02,12:59:01,-07:00,2026-04-02T12:59:01-07:00,6,39
contact\index.html,14,html,79b50346,JaydenBLi,2026-04-16,15:32:42,-07:00,2026-04-16T15:32:42-07:00,6,39
contact\index.html,15,html,80566282,JaydenBLi,2026-04-02,12:59:01,-07:00,2026-04-02T12:59:01-07:00,6,52
contact\index.html,16,html,80566282,JaydenBLi,2026-04-02,12:59:01,-07:00,2026-04-02T12:59:01-07:00,6,72
contact\index.html,17,html,80566282,JaydenBLi,2026-04-02,12:59:01,-07:00,2026-04-02T12:59:01-07:00,6,48
contact\index.html,18,html,c0a660a0,JaydenBLi,2026-04-01,16:59:39,-07:00,2026-04-01T16:59:39-07:00,4,3
contact\index.html,19,html,79b50346,JaydenBLi,2026-04-16,15:32:42,-07:00,2026-04-16T15:32:42-07:00,2,8
contact\index.html,20,html,d3c23781,JaydenBLi,2026-04-10,23:48:23,-07:00,2026-04-10T23:48:23-07:00,2,14
contact\index.html,21,html,d3c23781,JaydenBLi,2026-04-10,23:48:23,-07:00,2026-04-10T23:48:23-07:00,2,71
contact\index.html,22,html,d3c23781,JaydenBLi,2026-04-10,23:48:23,-07:00,2026-04-10T23:48:23-07:00,4,53
contact\index.html,23,html,d3c23781,JaydenBLi,2026-04-10,23:48:23,-07:00,2026-04-10T23:48:23-07:00,4,56
contact\index.html,24,html,d3c23781,JaydenBLi,2026-04-10,23:48:23,-07:00,2026-04-10T23:48:23-07:00,4,51
contact\index.html,25,html,d3c23781,JaydenBLi,2026-04-10,23:48:23,-07:00,2026-04-10T23:48:23-07:00,4,21
contact\index.html,26,html,d3c23781,JaydenBLi,2026-04-10,23:48:23,-07:00,2026-04-10T23:48:23-07:00,2,5
contact\index.html,27,html,c0a660a0,JaydenBLi,2026-04-01,16:59:39,-07:00,2026-04-01T16:59:39-07:00,0,5
contact\index.html,28,html,c0a660a0,JaydenBLi,2026-04-01,16:59:39,-07:00,2026-04-01T16:59:39-07:00,0,5
